<?xml version="1.0" encoding="UTF-8"?>
<beans
       xmlns="http://www.springframework.org/schema/beans"
       xmlns:xsi="http://www.w3.org/2001/XMLSchema-instance"
       xmlns:p="http://www.springfrawork.org/scheme/p"
       xsi:schemaLocation="http://www.springframework.org/schema/beans
       http://www.springframework.org/schema/beans/spring-beans-3.0.xsd">
       
       <bean id="trainbean"  class="train.Train">
           <property name="train_no">
           <value>1001</value>
           </property>
           <property name="train_name">
           <value>Satabdi Express</value>
           </property>
            <property name="source">
           <value>Banglore</value>
           </property>
            <property name="destination">
           <value>Delhi</value>
           </property>
            <property name="price">
           <value>2500</value>
           </property>
           
           </bean>
</beans>
