<?xml version="1.0" encoding="UTF-8"?>

<beans
       xmlns="http://www.springframework.org/schema/beans"
       xmlns:xsi="http://www.w3.org/2001/XMLSchema-instance"
       xmlns:p="http://www.springfrawork.org/scheme/p"
       xsi:schemaLocation="http://www.springframework.org/schema/beans
       http://www.springframework.org/schema/beans/spring-beans-3.0.xsd">
      
       <bean id="passengerBean" class="demo1.Passenger">
            <constructor-arg value="luffy" type="String"></constructor-arg>
            <constructor-arg value ="16" type="String"></constructor-arg>
            <constructor-arg value ="male" type="String"></constructor-arg>
       </bean>
       <bean id="passengerBean1" class="demo1.Passenger">
            <constructor-arg value="nami" type="String"></constructor-arg>
            <constructor-arg value ="22" type="String"></constructor-arg>
            <constructor-arg value ="female" type="String"></constructor-arg>
       </bean>

</beans>